id,x,y,z
1,0.03156826257705689,-0.13015794754028323,-0.2726349949836731
2,-0.0028865907192230224,-0.11340928077697754,0.10680385661125184
3,0.14135149383544923,-0.05517721176147461,-0.0235585823059082
4,-0.14474672412872314,-0.04598522186279297,-0.020678103446960444
5,-0.002944478750228882,-0.055521249771118136,0.4593386850357056
6,-0.0028660016059875487,-0.1339983940124512,-0.381178213596344
